-- phpMyAdmin SQL Dump
-- version 5.2.0
-- https://www.phpmyadmin.net/
--
-- Host: 127.0.0.1
-- Generation Time: Nov 17, 2022 at 10:27 AM
-- Server version: 10.4.25-MariaDB
-- PHP Version: 8.1.10

SET SQL_MODE = "NO_AUTO_VALUE_ON_ZERO";
START TRANSACTION;
SET time_zone = "+00:00";


/*!40101 SET @OLD_CHARACTER_SET_CLIENT=@@CHARACTER_SET_CLIENT */;
/*!40101 SET @OLD_CHARACTER_SET_RESULTS=@@CHARACTER_SET_RESULTS */;
/*!40101 SET @OLD_COLLATION_CONNECTION=@@COLLATION_CONNECTION */;
/*!40101 SET NAMES utf8mb4 */;

--
-- Database: `wassceverse`
--

-- --------------------------------------------------------

--
-- Table structure for table `auth_group`
--

CREATE TABLE `auth_group` (
  `id` int(11) NOT NULL,
  `name` varchar(150) NOT NULL
) ENGINE=InnoDB DEFAULT CHARSET=utf8mb4;

-- --------------------------------------------------------

--
-- Table structure for table `auth_group_permissions`
--

CREATE TABLE `auth_group_permissions` (
  `id` bigint(20) NOT NULL,
  `group_id` int(11) NOT NULL,
  `permission_id` int(11) NOT NULL
) ENGINE=InnoDB DEFAULT CHARSET=utf8mb4;

-- --------------------------------------------------------

--
-- Table structure for table `auth_permission`
--

CREATE TABLE `auth_permission` (
  `id` int(11) NOT NULL,
  `name` varchar(255) NOT NULL,
  `content_type_id` int(11) NOT NULL,
  `codename` varchar(100) NOT NULL
) ENGINE=InnoDB DEFAULT CHARSET=utf8mb4;

--
-- Dumping data for table `auth_permission`
--

INSERT INTO `auth_permission` (`id`, `name`, `content_type_id`, `codename`) VALUES
(1, 'Can add log entry', 1, 'add_logentry'),
(2, 'Can change log entry', 1, 'change_logentry'),
(3, 'Can delete log entry', 1, 'delete_logentry'),
(4, 'Can view log entry', 1, 'view_logentry'),
(5, 'Can add permission', 2, 'add_permission'),
(6, 'Can change permission', 2, 'change_permission'),
(7, 'Can delete permission', 2, 'delete_permission'),
(8, 'Can view permission', 2, 'view_permission'),
(9, 'Can add group', 3, 'add_group'),
(10, 'Can change group', 3, 'change_group'),
(11, 'Can delete group', 3, 'delete_group'),
(12, 'Can view group', 3, 'view_group'),
(13, 'Can add user', 4, 'add_user'),
(14, 'Can change user', 4, 'change_user'),
(15, 'Can delete user', 4, 'delete_user'),
(16, 'Can view user', 4, 'view_user'),
(17, 'Can add content type', 5, 'add_contenttype'),
(18, 'Can change content type', 5, 'change_contenttype'),
(19, 'Can delete content type', 5, 'delete_contenttype'),
(20, 'Can view content type', 5, 'view_contenttype'),
(21, 'Can add session', 6, 'add_session'),
(22, 'Can change session', 6, 'change_session'),
(23, 'Can delete session', 6, 'delete_session'),
(24, 'Can view session', 6, 'view_session'),
(25, 'Can add registered schools', 7, 'add_registeredschools'),
(26, 'Can change registered schools', 7, 'change_registeredschools'),
(27, 'Can delete registered schools', 7, 'delete_registeredschools'),
(28, 'Can view registered schools', 7, 'view_registeredschools'),
(29, 'Can add registered students', 8, 'add_registeredstudents'),
(30, 'Can change registered students', 8, 'change_registeredstudents'),
(31, 'Can delete registered students', 8, 'delete_registeredstudents'),
(32, 'Can view registered students', 8, 'view_registeredstudents'),
(33, 'Can add student details', 9, 'add_studentdetails'),
(34, 'Can change student details', 9, 'change_studentdetails'),
(35, 'Can delete student details', 9, 'delete_studentdetails'),
(36, 'Can view student details', 9, 'view_studentdetails');

-- --------------------------------------------------------

--
-- Table structure for table `auth_user`
--

CREATE TABLE `auth_user` (
  `id` int(11) NOT NULL,
  `password` varchar(128) NOT NULL,
  `last_login` datetime(6) DEFAULT NULL,
  `is_superuser` tinyint(1) NOT NULL,
  `username` varchar(150) NOT NULL,
  `first_name` varchar(150) NOT NULL,
  `last_name` varchar(150) NOT NULL,
  `email` varchar(254) NOT NULL,
  `is_staff` tinyint(1) NOT NULL,
  `is_active` tinyint(1) NOT NULL,
  `date_joined` datetime(6) NOT NULL
) ENGINE=InnoDB DEFAULT CHARSET=utf8mb4;

-- --------------------------------------------------------

--
-- Table structure for table `auth_user_groups`
--

CREATE TABLE `auth_user_groups` (
  `id` bigint(20) NOT NULL,
  `user_id` int(11) NOT NULL,
  `group_id` int(11) NOT NULL
) ENGINE=InnoDB DEFAULT CHARSET=utf8mb4;

-- --------------------------------------------------------

--
-- Table structure for table `auth_user_user_permissions`
--

CREATE TABLE `auth_user_user_permissions` (
  `id` bigint(20) NOT NULL,
  `user_id` int(11) NOT NULL,
  `permission_id` int(11) NOT NULL
) ENGINE=InnoDB DEFAULT CHARSET=utf8mb4;

-- --------------------------------------------------------

--
-- Table structure for table `django_admin_log`
--

CREATE TABLE `django_admin_log` (
  `id` int(11) NOT NULL,
  `action_time` datetime(6) NOT NULL,
  `object_id` longtext DEFAULT NULL,
  `object_repr` varchar(200) NOT NULL,
  `action_flag` smallint(5) UNSIGNED NOT NULL CHECK (`action_flag` >= 0),
  `change_message` longtext NOT NULL,
  `content_type_id` int(11) DEFAULT NULL,
  `user_id` int(11) NOT NULL
) ENGINE=InnoDB DEFAULT CHARSET=utf8mb4;

-- --------------------------------------------------------

--
-- Table structure for table `django_content_type`
--

CREATE TABLE `django_content_type` (
  `id` int(11) NOT NULL,
  `app_label` varchar(100) NOT NULL,
  `model` varchar(100) NOT NULL
) ENGINE=InnoDB DEFAULT CHARSET=utf8mb4;

--
-- Dumping data for table `django_content_type`
--

INSERT INTO `django_content_type` (`id`, `app_label`, `model`) VALUES
(1, 'admin', 'logentry'),
(3, 'auth', 'group'),
(2, 'auth', 'permission'),
(4, 'auth', 'user'),
(5, 'contenttypes', 'contenttype'),
(7, 'main', 'registeredschools'),
(8, 'main', 'registeredstudents'),
(9, 'main', 'studentdetails'),
(6, 'sessions', 'session');

-- --------------------------------------------------------

--
-- Table structure for table `django_migrations`
--

CREATE TABLE `django_migrations` (
  `id` bigint(20) NOT NULL,
  `app` varchar(255) NOT NULL,
  `name` varchar(255) NOT NULL,
  `applied` datetime(6) NOT NULL
) ENGINE=InnoDB DEFAULT CHARSET=utf8mb4;

--
-- Dumping data for table `django_migrations`
--

INSERT INTO `django_migrations` (`id`, `app`, `name`, `applied`) VALUES
(1, 'contenttypes', '0001_initial', '2022-11-16 05:49:16.137663'),
(2, 'auth', '0001_initial', '2022-11-16 05:49:16.305035'),
(3, 'admin', '0001_initial', '2022-11-16 05:49:16.350987'),
(4, 'admin', '0002_logentry_remove_auto_add', '2022-11-16 05:49:16.356472'),
(5, 'admin', '0003_logentry_add_action_flag_choices', '2022-11-16 05:49:16.363380'),
(6, 'contenttypes', '0002_remove_content_type_name', '2022-11-16 05:49:16.396376'),
(7, 'auth', '0002_alter_permission_name_max_length', '2022-11-16 05:49:16.418078'),
(8, 'auth', '0003_alter_user_email_max_length', '2022-11-16 05:49:16.427925'),
(9, 'auth', '0004_alter_user_username_opts', '2022-11-16 05:49:16.435601'),
(10, 'auth', '0005_alter_user_last_login_null', '2022-11-16 05:49:16.453540'),
(11, 'auth', '0006_require_contenttypes_0002', '2022-11-16 05:49:16.455227'),
(12, 'auth', '0007_alter_validators_add_error_messages', '2022-11-16 05:49:16.462954'),
(13, 'auth', '0008_alter_user_username_max_length', '2022-11-16 05:49:16.473815'),
(14, 'auth', '0009_alter_user_last_name_max_length', '2022-11-16 05:49:16.485306'),
(15, 'auth', '0010_alter_group_name_max_length', '2022-11-16 05:49:16.499470'),
(16, 'auth', '0011_update_proxy_permissions', '2022-11-16 05:49:16.506879'),
(17, 'auth', '0012_alter_user_first_name_max_length', '2022-11-16 05:49:16.518865'),
(18, 'main', '0001_initial', '2022-11-16 05:49:16.524929'),
(19, 'sessions', '0001_initial', '2022-11-16 05:49:16.540006');

-- --------------------------------------------------------

--
-- Table structure for table `django_session`
--

CREATE TABLE `django_session` (
  `session_key` varchar(40) NOT NULL,
  `session_data` longtext NOT NULL,
  `expire_date` datetime(6) NOT NULL
) ENGINE=InnoDB DEFAULT CHARSET=utf8mb4;

--
-- Dumping data for table `django_session`
--

INSERT INTO `django_session` (`session_key`, `session_data`, `expire_date`) VALUES
('0b6qq9x7en12ap5ro1q921k465qlofkk', 'eyJzdHVkZW50Ijo0fQ:1ovYLB:BCDPrC8gxb5WK-0ZTfhsmYF6XNWrU1hVM7S9wtSD1gM', '2022-12-01 06:25:37.442964'),
('de44cozq7h79ahn8gl45fmwzhf7o6z2i', 'eyJzdHVkZW50Ijo0fQ:1ovBSo:rXCWxnY3F1WPE00uaM8VbmhCLxJe498j8Y6xeKiry6w', '2022-11-30 05:59:58.426226'),
('gj5piwuog9b62utgkwkomrq9gffnfunc', 'eyJzdHVkZW50Ijo0fQ:1ovUKp:MnxP-7Yxr4IarwZjOhNWNMNuYzErhPNUIpKh1Llvcmo', '2022-12-01 02:08:59.209050'),
('v7t8bs96fvy5xqwox32pmk94ehzte7ow', 'eyJzdHVkZW50Ijo0fQ:1ovXSc:V9rc-HezIqa42WroPAMHu_JNYEpgkfQUhh4J9Yhr9D8', '2022-12-01 05:29:14.953959');

-- --------------------------------------------------------

--
-- Table structure for table `registered_schools`
--

CREATE TABLE `registered_schools` (
  `id` int(11) NOT NULL,
  `school_name` text NOT NULL,
  `location` text NOT NULL,
  `country` text NOT NULL,
  `school_code` text DEFAULT NULL,
  `school_logo` blob NOT NULL,
  `school_email` text NOT NULL,
  `password` text NOT NULL,
  `verified` int(11) NOT NULL DEFAULT 0
) ENGINE=InnoDB DEFAULT CHARSET=utf8mb4;

--
-- Dumping data for table `registered_schools`
--

INSERT INTO `registered_schools` (`id`, `school_name`, `location`, `country`, `school_code`, `school_logo`, `school_email`, `password`, `verified`) VALUES
(1, 'Presbyterian Boys\' Secondary School', 'Greater Accra Region, Legon', 'Ghana', NULL, '', 'presbyterianboys@gmail.com', '14213d876a8cbfc849634312a39310fe', 0),
(4, 'Robo School', 'Greater Accra Region, Accra', 'Ghana', NULL, '', 'robo@school.com', 'fcacff780c71645164f1ee3f77691994', 0);

-- --------------------------------------------------------

--
-- Table structure for table `registered_students`
--

CREATE TABLE `registered_students` (
  `id` int(11) NOT NULL,
  `student` int(11) NOT NULL,
  `wassce_index_number` text DEFAULT NULL,
  `wassce_year` int(11) DEFAULT NULL,
  `cleared` int(11) NOT NULL DEFAULT 0
) ENGINE=InnoDB DEFAULT CHARSET=utf8mb4;

--
-- Dumping data for table `registered_students`
--

INSERT INTO `registered_students` (`id`, `student`, `wassce_index_number`, `wassce_year`, `cleared`) VALUES
(2, 4, NULL, NULL, 0),
(3, 18, NULL, NULL, 0),
(4, 21, NULL, NULL, 0);

-- --------------------------------------------------------

--
-- Table structure for table `student_details`
--

CREATE TABLE `student_details` (
  `id` int(11) NOT NULL,
  `school` int(11) NOT NULL,
  `surname` text NOT NULL,
  `first_name` text NOT NULL,
  `other_names` text DEFAULT NULL,
  `course` text NOT NULL,
  `class` text NOT NULL,
  `index_number` text NOT NULL,
  `electives` text NOT NULL,
  `gender` int(11) NOT NULL,
  `parent_contact` text DEFAULT NULL,
  `date_of_birth` text NOT NULL,
  `signature` blob DEFAULT NULL,
  `image` blob DEFAULT NULL,
  `fingerprint` blob DEFAULT NULL,
  `bece_year` int(11) NOT NULL,
  `student_key` varchar(6) DEFAULT NULL
) ENGINE=InnoDB DEFAULT CHARSET=utf8mb4;

--
-- Dumping data for table `student_details`
--

INSERT INTO `student_details` (`id`, `school`, `surname`, `first_name`, `other_names`, `course`, `class`, `index_number`, `electives`, `gender`, `parent_contact`, `date_of_birth`, `signature`, `image`, `fingerprint`, `bece_year`, `student_key`) VALUES
(4, 1, 'Asiedu', 'Prince', 'Kofi', 'General Science', '3 Science 2', '0102034005', 'Elective Mathematics,Physics,Chemistry,Elective ICT', 0, '+233551442796', '20/03/2022', 0x62276222625c275c272227, '', 0x62276222625c275c272227, 2019, 'mzmwri'),
(18, 4, 'Test', 'Human', '', 'General Science', '3 Science 2', '0103040025', 'Biology,Chemistry,Physics,Elective Mathematics', 0, '+233244769885', '16/05/2005', NULL, NULL, NULL, 2019, NULL),
(19, 1, 'Nasir', 'Bayaan', 'Kooli', 'General Science', '3 Science 12', '0105080036', 'Biology,Chemistry,Physics,Elective Mathematics', 0, '+233551442796', '20/03/2005', NULL, 0xffd8ffe000104a46494600010100000100010000ffdb004300080606070605080707070909080a0c140d0c0b0b0c1912130f141d1a1f1e1d1a1c1c20242e2720222c231c1c2837292c30313434341f27393d38323c2e333432ffdb0043010909090c0b0c180d0d1832211c213232323232323232323232323232323232323232323232323232323232323232323232323232323232323232323232323232ffc000110800c8009603012200021101031101ffc4001f0000010501010101010100000000000000000102030405060708090a0bffc400b5100002010303020403050504040000017d01020300041105122131410613516107227114328191a1082342b1c11552d1f02433627282090a161718191a25262728292a3435363738393a434445464748494a535455565758595a636465666768696a737475767778797a838485868788898a92939495969798999aa2a3a4a5a6a7a8a9aab2b3b4b5b6b7b8b9bac2c3c4c5c6c7c8c9cad2d3d4d5d6d7d8d9dae1e2e3e4e5e6e7e8e9eaf1f2f3f4f5f6f7f8f9faffc4001f0100030101010101010101010000000000000102030405060708090a0bffc400b51100020102040403040705040400010277000102031104052131061241510761711322328108144291a1b1c109233352f0156272d10a162434e125f11718191a262728292a35363738393a434445464748494a535455565758595a636465666768696a737475767778797a82838485868788898a92939495969798999aa2a3a4a5a6a7a8a9aab2b3b4b5b6b7b8b9bac2c3c4c5c6c7c8c9cad2d3d4d5d6d7d8d9dae2e3e4e5e6e7e8e9eaf2f3f4f5f6f7f8f9faffda000c03010002110311003f00f4926a167c6734d926dbdea85d5eac2a599c015c8ae74969e70bdf81593a8eb36f68a4bb8cf603afe5581aaf89b25a2b5391d37f6ae627b97964cbb9773f9d6f0a5d5994a7d8d4d4b5eb8bddc118c717d7935911a4972c44638eee7a53e2b269a4df29e83851d056b5bc61230319c7156ea28ab444a9df591562d3962c3a80483cbb75ff00eb5592817e55157a0b49ef1fc9b742ccdfa5743a3e810ab092e4091946483d01ae79d4ee6f083672aba3de5cc0d70b09f2d41393deb29c10d8e7d857ae4307fa3c86351b49c02df740feb5e77ae69ada66a4f17f09f9d4e3a835119b7a33474ecae88b44b9fb35fc65e465463b5f6f5c1eb5ead64c1601197394ebb9339f424d78ca3112820e3debd2bc37786f2d21324cede5911bae3231fc24fad138dc517adce8d58cfb961585bfda23007d3d69ad6df6722e116633a0e4b0c823b8ab323471a1695a2dbdcb295a6912ca07968d1c47f8c1c93f407a7e359265bd46adc458562c8ccdcaaf97c9a9fecf25c2fefee0471ff723383f89ff000a8ace25b4b868233e6071b94bf5f719ab12cf6a8a0cab863d157924fb0a7e865221992dede357b4897cc8fa718c8ee2916ee4bbfb99391c2af5fc7d3f1a915d65e5879319e8a3963f8f6fc3f3a87ce16336d8536dbca7f26ffebd3d8567d11ccf89fc30d34a974806f738644c9c7be7bd15d63b955066912353d0b3633454fbdd0d54a36f795cf3bd4fc4505a82aadbdfb015c7dfeab3de12d34984fee8e9540c8f2481501763d493d3eb5662b0c90653b8fe95e825181c7ef4fd0ae8925c7dc1b54ff11eff004ab90d9ac4f9e7a75f5ab28a1100ea7d6933822a1cee5a8589a28f3803807d2b774bf0fcf3bb7da0346a06e00f522ac78623b67de5a31e6a73bd86460d74de53b490ba02880ed249f5f6fafad734e6ef6474429e97636dad60b321218be645c0451c96a963b66f324b793183fbc603a0f5c9ef5a11c2902e4703aee3d4fab1a8a672ca9340b8891b019870d9ef8ef591a1233471468f28010711c7ebf85729e38d3a5b9b38b5275552a76ecefb4f7aec22b511c9bdc99663ea738ff0aaba9243756d3da6d334f2a95c28c85a13b3d0478d36076ae8bc29a835adf089ce229be43ce00cf43589776ef6b712412290e8c5483eb51c170d0caa46720d74dae8c9ab687b6d946f22977613cb19da77f6fa7a7156cb24709950f978382a4f15cd685accb3dbc3711a677011cacdc283d8fbd74c2dd5d84c1b74c3bb741f41dab2e544b6faec55b88a6d4230f07ee244e559c724fb0ff1fcaa5b231f921dd32e78766e589f735698a94dd28d857ab76aa2d34d14ff00e8e14c331ff58e380dec3a9cd16edb12b5d0b2ed690a176c2a8ee6a36ff4f80c71208a33fc6e39fc07f8d4d1db44e4492e6597fbcddbe83b53fc809ca75f7aae576bad45ccb67b9058c51c6ac9210f709f2bbbf24fa1fa51552fc6250d09266030c110b71ef8a29a9b5d06e9df54cf138add630b8007d2ae4504b3c812242c7d00ad4b5d0269adccf3831c6a32063935d25b69d05a468b803773b17ef1a2750de14cc2d3fc3ad21265e58761d2b02e6dde0b99223d5188cfd2bd3618cbdcaaac47694c0453e9ea7f1ae2fc4f6ad6bac4836a8de03607419a984db7a8e514a3a127852548b56883103782b927a1ed5e8536d68da38c6f931c1c0201f735e51a7c862b947c9cab023b74af5689d16dd5c109190083ca8a9aab5b8e9ec22279f1abcacc41c139181f403bd5893611b1ba918551ce07d3d6ab5a999e49638ca46a0e43bf2707d07e75a31c4a17644783f7e46ea6a024ec52884d73188412983b5f1f7988f53dbf0ab2ab6f63f740693d07634c92e920bb304592655c80bc9c8e29c960edfbcba976aff710f3f89ff0a192daea797f8cc06d7e691401b802d8f5ae77001cd76de38890dec52c718488a6ce06066b89620f1d2b7a7aa14f43aff06eacb6f3b5a4bf34730c60f635e85677e9771aac699914ed67ce173f5ef5e2b64fe4dc238ea0e79af5fd2afe39eda1b88c0025508c00e0376ff0a99e8ee4b57563556d887dd70fe70cf1bbeeafd054d2c6190a0e33c8f63daa37ba8f66d1b9e5c67cb4193ffd6fc6abdc5e4696e5af6716cbfdd079fc4ff8553b18d992b5d4781b559e61c34718c907dfd3f1a86e6f61823f32fa71128ff96687afd4f535ce3ebf38b974d26109039c348eb8507d450b0432833cf3bdc5d75677fba297372ea8ae4e8cbedaf4d2fcba75b471443f8a618ddf414573b71ab450395690b9cff0703f33d68a5763e446a5ac7e7c031c4407de23ef13e82ad5adac71c6af2fdf23ee93e9ea6b33c1f78f77e19b19d944936cdbec0838c935bb047e5bc9bb124c1c924fdd5cf3fd6b271b368ecbdd21b3adc948da3458e3561f3631d78fc7ad729e33b5488dbce8e5d9b2aec7d6badba951a378cb3cd29070aa7a1fe9583e208a5bcd14ccdd10870aa3803fc9a70d192d5d33848ce24f4af4df0e490dc6930333932a7ca43f238f41f4af327daae0f7aed7c1d7afe4cd6b840a487dcc32476e056b515e26307a9d54b225b5cc4ed08c3e53e5e73dc63fcf7ab452e6e0edc7d9e0f4fe23fe1501b2416ed2dbb16917e61bb9391cd59f31d9518b862cb90a39358af21c9a1932a5b40ad6f1f31b06271927d7f4a73bab3724c8e79d89d47d4f4152c7048e844a42a91f754f247b9ff0fcea3b7648ed5e150018895ff0fd29bd16a66a57d22727e2d85ae74f316d4521b72aaf623d4f7af399e3d8d92319af51d446e9b737dece428e49fc2b8ff11e9876b5dec09ce4a77e7bd552767666f349a395dcc1b8fcebb5f0a6a2c6da5b5798aa81b86df51ef5c630e33fa55bd3ae160b85ddca93c8f6ade4ae8c6f63d0dfc5266458f4ab661263e773c0cf7fad574b29ef775c5f4ccf275cb9c28fa0aa6daae9fa7dc97b187cc32286c11c29aa736ab35db067902863d00e9f4ac1a66914b746add5e5ac566f0a9699c7523851fe35cf5ceb57130085b1b7b01c7e54a609e67f95f6a139cb50f69159cb1c922860dc9cf41ef57186844e491536cd70c5b6973dc9a2ae9bc0b8cc1b81fba4e5463da8ab4918b99b5f0f9f6f842d9dd88e59467afde3c015d424524971991bc9899410a0fcc7b7e1dab9cf87d6fb3c2f6f238e017ebd4fcc6b7ae6e3ceb98b602c465768eddf93f856335efb3b95ec8d2860b48d46cf9547539aa370c979a75d59c516e50aca1cf03dbebda88e36660d29dc01e13f847f8d4ac02ceecec11594301ebdb81f80a8138db76792cd1ed6208c106b6fc2b7b1daeab1f9849493287039e7ff00af8aa5acdb18753b88f05407246460e3b557b190c3708e3aa9c8ae96ae8c7691ebbf649254dcac6243dbab1ff0a6e99b6de392003e6472093d4f71fa558b2ba8e4b28e56718914103af515079730d409e218a55ea79248fe5d7f4ae7e82e6bb71916dae1548dcdf31e8a3927f0aa33f9e6ef27f710ccbf31c82d91fcb8fe5515c6a769a7bb471032ce7aaaf249f73581ab6a173346d25ccde446bf308a33927ea7b5090d46cee59d4354b2d395a1b5fdedc138200c9fc4d64adadf6a71c8660b04041dccfde9d1ea1636f0868e0550dd0bf53fd4d665feb32dd6501217b13c63e83b5351ec6a9e9a9c9dc4663b8743d0311c508a50838c5685f424aacce0e4f049ef59ed2120639aea48e66d5cd94537502b060b8ebcd5cb748546f8c06dab9667eddb1595a76f93f75b95777ad5f8a330ee462093d198f434b956e44aa4b626333ce4498f941eadc01f80a96f610c16791bccf3170a187dd1ec3b552f38ae70df29eb572391df6f9ca36fdd05866869b32b95e369028508acc9c65bd3f1a2a3b88dccb98c13fed118cd1549203b1f0bdbcb36816b18e22dbd1381f89adf7860b3b6059865181c0e00e6b95f014f7775a64b6a1c6c85b8c9c6dcf3f8d75571618b793792efb782dd8fb0ae6a8ad268f479ba5c963b8370ea208422ff00cf471fc8548f6d1c3710ca492c72a598e4f3cff4a8ad597646cc76af047bd4b7fe7496fba35d81086dcdd7af381fe3529194f49248e13c756fe5eacb32a902541fa715c8ae564c93dfa0aee7c68d6f2dbc22390bcc8c431272706b877c291eb5bc137114b4dcf41d075cb7b5d22252af25c2e576a8c9233c53afefeeeeb6dc5d482dadd5b3e5ab6188efcfd0d725a5df49046fb7807be2a7b899aef1bd9b68fef54f27bc52b6e684da9dba48e2cc6d41c673cb7bd65dd5f4b30da39c9e78ab3a769377a80d96d0961d0b91802b55fc2d2d82169f0fc67e419fc2b5547ab3395648e6a384e0f1f30e327a0ab314104120dee19b3d075a9eea094c8adb3ca4236e0724ff009e6a3895a098a226e76efd49a96adb686329b64f7f6a2f6c9a28edc47b46e0c7a923b62b8eda51cab6057a2456af122798e99c7001c571dacd9187516098da7e607eb45177ba12652b79bca9860e306ba3c43716fe71e6561f29278fa63deb9b68557e70327dcf15b9a51fb45a4b0a1db2edcab0ebc76adada0a4efa95da207a0d9c64293935661779216c92cc98c679aa6b2306f98ee209ea6ac2bec56da4e2418c9fad6724c45b8edcb46a5c339233f4a2aa1bc753b558e471c51472c809fc0dacae99ac18652162b91b093d9bb7f87e35e9f2c924ab98d36a9fe371d7e82bc3f4605f58b1001204eac71d700e4d7ae5ddfdc5ddb9f9c5b43df27e6ffeb54568ae64ceb8abea8b505edad95b202de64f82368e5b838fc2b3352d4aeaea26595becf09ea80f247b9ac7fb7adbc9325a6647cfdf3d2ab5c6fb93ba4249c7739a4a0ee528c7721bdba8a7b130c31004804b7d2b9e78f8ae9ecf4cb9bb668ada12f83cb761f8d625f59cd697124120c3231535d11a6d232a934f61fa5c125d4cb6f08cbbb00a3debbfd33c1f6f0624bd7f39ff00b83ee8ff001af3dd319edef23915cab2b020838af567d76c2355225ddb867e519c7d6ad2ec63293d8bd0c31c0bb228d238fb2a8c53a44df1b2e71918cfa563dcf88ada1d98e87a86e3af4aaedae5cec2d1ec9377dd217017f13d686edab33ba303560f03cb1b60bc6d9cf7e2aadaddc6aab22a9918fde03f8455bbeb56b991a7918bc8e72e338007f5a8ace0581648d71d7aafa573559c5c6e8687cd2b6f659182a91c053c9fc6b26eecc5c696ef8fde42fcfa953ffd7abba85c4688149f9c7cb8354eda7ff4a50ed98e41b1f3d81aaa0ac81982f80841ed52e9b71f67bc4707bf4a6dd45e5dcbc64f3920638a80218db231f856e33675db58a1bedd060c7328906ded9ea2a83170a1376eef8f4ae8d15355f0b346887ed1667cc5c0ea9deb9c2a321c36077e293425b172c5cc45e533ac6afc0257731a2aa0c46e7772a7a1068a961613c3e3ec9325daa8690642e7b7bd743234b78fba667da7b31acff0fd94d710c4b0c4d23139c0aef6c7c348007bd6dc7fe79af4fc4d370d6e74aaa92b1cd59d94d753f956d116381cf6e3deba6b1f0cc71e1ef1fcc6fee2f03ffaf5b88915baa471a2a293801463b54954acb63194db191431c281228d517d1462b82f1a5a88b53f340e24507fa57a0572be36b7df6704c07dd254d5c356d1279e2c9b271f5cd765a669d3dfd999a3e517a9271cfb0eb5c5be0482babd2b52bab7d2f6c4db63724310b9ed508721cf6b279067dab2fcb8cf50a7a74a9adee04b0a3331f3197271d07b55369e38622083e6f041e83dff00a567c7747ce70a598124923df9fc3bd454829ab226c69cda814668c96ec0027806b3fedfe5330047741c50a3cc5dcd851d78e4e7eb4c9238d77055507b9ef9a8508ed602196e249db2ca00dc4ee6f7f6a7c6b1c7f330dc71c6e3fd2abb064979da40f9829e86a7ba7dcb1c98009001c0e0558c66b318ba820bc4ea7e573ee2b30a8d99adb802c9693dbc981e62ef4cff00787f88ac78d5532a72c7d0f00568fb929f4357c2f7a6d7535494feea4f91c1e983c1a8b59b0161aa4f6e8c1a3ce57073906b384fb65006060f4aee2f6c9b5ff0e5add41b3ce886c93819c0e94ba0d6e713912b152a3e5ee3bd1529531663da0e0f208e7345219d6f8099639de2f58b1d7b8c57795e6be0db9f2b538be5243657f315e8e5c18379fba5727f2a6ddc1905e4d142892487255c6d03d7356ab8cb97924464407664ed1e86b6ec57504863e57632e46f39db49bb093360e71c561f8b10be86f85276b0627d07f935aaf7712a1db2233f6507249fa0ac7bfb8b8bfd22e2368c4794c11d5891d78edc8a3992d467965c123a0ef5d1f87ee1dec66891325487c93803b1fe62b06e570580ce6b63c2b229bd10bf4951a33f88e3f5c531325681ee6e8accf903920f02a5beb336e229520f2addf80436467ae2a9ce5d267841c9538cf43f43f8d3ee9a516b991f03707f2cb703e9f854a5601490ac4e06dc7af4e2a982778dac0e4839f7a61731974c6413c13e9f4a9eded0ba2c99f93ae0f43f8524ac0234313bbfef371ce00519fd7a548be6ee91b3b14fa7343482341b54657e5a800691fcb5049391ed5408b50c9f677172a0305232c467f5aafabc290dc0962198a41b97e86991ef40e8b2119386c77156eea3f3f46d8ec03dbb601638ca9aa8ed625e8ce6e51fc5eb5dbf81750532496531052418da7b9ae34a8dbb402f8fc0558d3ae1adaf11c9da011c2f1421bd8eaf5c2c75694c364f1b8e1ca658373c1e9c515d15ede9b5b486f6c91552e31bf6a8eb8e3fad1473f2e960dce23c33294d4236c676b06c7d08af4e8c349098c82a07cb9f5ed5e51a0c922dd8d801383d6bd00788c286578d778eea78cf5feb4ac36cafa981633a2c65a423e63c7154e2bfbf9e2085d91172aaaa3b671d69ff00da3f6a9764d29da7393b738a821be9e2528ac4c6ad9427b67ffd66a7956e237341b7922699dd4a838c67bd2eb663b64f395b0ddd0743ee6a5b1d5d654896760243c6477aa3aa486799d1e01b48051a427a03c9c0fad0da433cff00508f65d48a3a64d334899ed6fe3900e55c102b435987cbb80d9c86190718f6fe95931304bc5c9eb57d40eab56b758f53999982b39f302a76079e0d67dc206324a49db8e33fc58f7adbd5b65ce9ba7dd91f7e311311d88e2b9cb963216505991090b8e98a97b8991a441e4552b800f3cf5156259898d63886d0a7000ed549e6da7e761938200e4fd2ad5bc2d3c664cac6189c16e7268b0ae472b79436cabb73c86a75b48919dc559f7a9c60601fc692e6de567df3317298c6ec607e156605dfb13a2af23d8501e4396c9ce551820ceee07247d4d4f65104ba7531b1f341562dc915bba4584d7861b8f3237851b953c7f2a9359d36ee49e6920b5550ca497593834f55aa15ae8e1af61fb3dd3c75972bb2ca06315d36ab6ed2dbc575b7e61f2381ea3835873a2b73b81c765e48a6d587195d1dff00836ed2f34c36770aac623bd41f4ff3fce8ae374a9ee6d8b089b6718c939a2b4505257b99b9b5a0cd01c9d4e051fc4e063eb5d1cc8e6eb63a1552bd40ebdbfa579b59f89a3d3afe3f3e32002195d0e7f4aeef4df156857c54bea2a0b9db898118e7b8e9dcd64e2dad0d997414822c22990e4f6e07e35a3a4c82fee960ba5263080205f6f53d69bf60967b63730b24d06490c8dc71e9eb5a16f6cf65736b7222450e023a93c827be28827d486cdb82d20b7044312ae7ae0726b075c7113ac6cc3009c638c03dbf4ad2d5f506b28808c0dc7a93dab93d52ea5ba225c349800123803f1349abee55f5b19ba98135b87073b1cafe079ff1ae7e50caeadd307ad74ef1c97167306210e377ca3938f535ce4e83049c93ef556d102ec7576b2cd7de1096244cf90e1c3138e0d73e219d19619436d6e401d05749e0d6134571664f1244460fad53d5219acae3ca624e1882471803d3f3a188c6b98f11a6dda40f4ed57ed639deda21b47979203fa7b55596139041e70322a6b7ba8c2940e724602839c1a9b137ec4e55433073b867aa8e08a99adeddb4f5937c9bfccdaa3180463356ee2c45a5adb4c85184eb92bbb2578a78d0cdc5a4f77bc048cef4662727db038a65242e8fafc1a779a2456762a022c6723f1ad2b9f121b9b594241e5c6e84297e493f4ac2b48099d63010976c0dc3d6a69ac1ed9ee126608f100c14f3bb3e98e298b9ba22186da1bb8248647699d86e40dd88f6ac768846fe5e0823822b4eddda0996755e51b2307ad2eab6e8b79e721f91c647d0d53d637ec67cd696a65400c6cdc668a95d00c1ee68a82b991e47abc837c6c1be6c74aa31c858637107d8d437739926249cf6a86393120ad946c8d99d77873c71ac7875cc56f725a03c1864395fa8f435d58f8a3712902e2d9402d92f1f5e98ef5e4f249fbcc8356567dc80e7a537a8ac8f7ed2bc71a4eb076cd76914ceb82f71f291f4edf957553a6957962d341711ca06143c6e1813f857cb2b707fbe47e35660d4ee2dce62b8950f5f95c8a87142e53e8848182798aa7c990794d83dc8ae36e908919369ebe95c2e9be3fd7b4c574835394a30da565c38fc33504fe32d5ae242e6e5327a811a8fe945bddb0acef73d8bc0dc6a84367215aba1f1159efdf22c28ef2ed5562492bcf381f9578d7867e22dd69376924b0472a0fbc3182477e457a78f1ee81adc502dbdc98e7dc3e4946d23f1e9d693f20b348ce9f4abc2de75dab8dc400ce30b57ff00b123481a39888e741f2aaa839079c922b6f58d52dffb2d5226572481cf2063eb55b46ba8ede7cb23889d761727233d467d2a6fa11a27b97345d3228ed9d67cc8ecb82ae380a7a629f75a44eb64d05ac83cbceed87bd685d02e82682401a3e4e0fde1e9546fb5883ece160937c8dd427247b5494d248e51e36867208da54f38f5a7b5dc935cee9b7c9d030639dc2a6bf378245736c233d3e7ef549a299d899246208c80bf28a665a96239e1b76977950080157ffad43b35f69c0476c4f907ef336320d4296811b6c6001d4b55ed364f2eebcb93e58dc18dbd0e7bd545ea295ed730cc72301f305f645ff1a2b46e6c9edeea44638e7bd149a15cf9a8be4d3a33f38a28ae86758d67f98e68590a9a28a4029909a3cc3eb4515201e61ee69eb27bd1450c09629ca9ce6ad437aca720d1450d01d5e85e34bbd39d239cfda2dbbc6e7903d8f6af52d07c496bace98d1db5edbc251f7985ff00d6363d3b5145653d88714f53aed3dad56d65129de87e625cff004ace98c22e9a6b440a89ce08e0d14542663396961b74649655dd21647191cf00d2a68d7329002edef93de8a2a8883727a9763f0f636ee7fad596d1916d5d15d8be38cfb5145074a8a1b3d82ea96904bc2ca07cc4fe47f51451452b8f9133ffd9, NULL, 2019, NULL),
(20, 1, 'Doe', 'John', 'Kofi', 'Business', '3 Science 12', '010123012', 'Principles of Costing,Elective Mathematics,Financial Accounting,Economics', 0, '+233551442796', '20/03/2005', NULL, 0xffd8ffe000104a46494600010100000100010000ffdb004300080606070605080707070909080a0c140d0c0b0b0c1912130f141d1a1f1e1d1a1c1c20242e2720222c231c1c2837292c30313434341f27393d38323c2e333432ffdb0043010909090c0b0c180d0d1832211c213232323232323232323232323232323232323232323232323232323232323232323232323232323232323232323232323232ffc000110800c8009603012200021101031101ffc4001f0000010501010101010100000000000000000102030405060708090a0bffc400b5100002010303020403050504040000017d01020300041105122131410613516107227114328191a1082342b1c11552d1f02433627282090a161718191a25262728292a3435363738393a434445464748494a535455565758595a636465666768696a737475767778797a838485868788898a92939495969798999aa2a3a4a5a6a7a8a9aab2b3b4b5b6b7b8b9bac2c3c4c5c6c7c8c9cad2d3d4d5d6d7d8d9dae1e2e3e4e5e6e7e8e9eaf1f2f3f4f5f6f7f8f9faffc4001f0100030101010101010101010000000000000102030405060708090a0bffc400b51100020102040403040705040400010277000102031104052131061241510761711322328108144291a1b1c109233352f0156272d10a162434e125f11718191a262728292a35363738393a434445464748494a535455565758595a636465666768696a737475767778797a82838485868788898a92939495969798999aa2a3a4a5a6a7a8a9aab2b3b4b5b6b7b8b9bac2c3c4c5c6c7c8c9cad2d3d4d5d6d7d8d9dae2e3e4e5e6e7e8e9eaf2f3f4f5f6f7f8f9faffda000c03010002110311003f00f71232314c605907a838a7d215c823d4536862f6a2917eed2d08028a28a60145145001451450014514500159fad4be4e9b2c9fdd526b42b03c593797a495e85d80febfd29357038eb04cb3c87d00ad2b652b36fec843553b0004790301f9ad08a3c00dfdef969302db2c9e549029c197122ff4fe5506b864bfd180453ba2c3119ea071fe7e95a1083e7db4cf8db1fc9213dbb0fe5fad496f025e9b9c7ca84b7078f94f4348679fc478a2a4b981ed6e5e261820d15423d7a8a28a6014514500151cf3c56b03cf3c8b1c4832cec7000accf117882d7c3da6b5d5c1cb9e238c7566ff000af11f10f8cb57d7fe4b99f6c00e4431f0bffd7fc695c763d1f59f8a7a6da6e8f4e89aea41fc6df2a7f89ae46ebe28ebb3cecf03c36e98c0454071f89ae01a4639a143b1e3348123ba87e26f88229373cf14833f75a31fd2b6ec7e2d5c79aa2f6ca268f3c98890df91af2af9d0f2a68f31860d303e8fd17c5ba46b91836f72a92f786521587f8fe15b95f2e4174c8e19490dd88af4af0afc479ad8a5a6aecd2c00616503e65fafa8a047acd721e3398b34102f5c16fe82ba9b5ba82f6da3b8b7904914832ac3bd719e22733ebc13f85485fc866802ac51845451d00c55f5889c32b7cc8037d2aaa8e957a344740a0b6e638a9025695dadae9300993e65f7e6acdb031cf6adbb0255c15ff647ad25a9f9edc48836c44c6c71dcf4fd052c06268e763f3147c460f6507ffaf40ce77c610343ad16c00922065febfad15d26b1a39d66ca175ff5aad907fd8c7ffa8d154163a0a28a29882aaea5a85be95a7cd7b74fb6289727dfd855aaf1ff00899e22fb6ea234cb790982d8e24c1e19ff00fad48695ce4fc49e20bbf106a6f7570c768c88d3b22e781582d926a72bb8e39ab30da00d93da916a2d9561b62e431e9e9571611e956044147029eaa683650b109b557c67a544f60a01c64e6af28c9c77a942f38c53138a311ac245190381da80191b3cd6ff009436f4a87ec68e4fcb8fa50652858d6f09f8c6eb419442e4c968c7e68cf6f715d5addc7a8dd1ba8cee0f96cfd4d79c4d6251370cfa7d2b5fc37a935ade2c121ca3f18f7a76333bd451ce455db703660f5dbf29f4615494f357611c807b915203da4cc3321c97750401eb9ad18eda2dd108b95b88f69e7918ebfe155a2016e62764ff0056db1f3df3c0356add4451c9283b8c52ed5f6407ff00af40d976d9cc71f94412f1fcbc7a0e868a62bac776d293f24aa0afe145311768a28a6052d5f504d2f48babd72310c65867b9ec3f3c57ceb72ef3cef239c962493ee6bd5fe296a0d169d69628f8f39cbb8f65e9fa93f957962a03499ad38dc8e288001aaca115191b46074a109cd23a628b20714f5514d4ea2a6085b268b9a5858e2527352e157ad2c4b818a98c21e8b89c08f82b4d1c1a9c4581ed4df2c67ad33394402f980a9ef54e48becd3a48a3ee9ce6afa001802455f6b05bab59011caa9391570d4e59ab33a1d36e3ed76514dd0b2f3f5ad489c0c13e84573fe19919b4dd87a23102b7a13f2e08ce0e6a1ad482d2c8483b3792eb9fc474abb1dcc92622584849d3682481d3afe9514302b3e4e40dd818ed91c7f4a921b04789d9d9ff0074f81cf45eff00cff4a4312e6599ad638cac6ac8db725f9e0628ab30db5ac17323ba2ed71f26ee7a75a2988bdba63d2251f57ffeb52af9c5be63185f4009352514c773c8be27071e2288b9cafd9d76fb0c9ae295b15e87f146c4fdbecaf39daf198cfd41cffecd5c018f60c9a93a29ed71a79a50b83c9c540f705490a3f1a84c8c4e4e68b1b29a35e20a06770ab4a063358292383deadc370c1802dc7bd4389ac6a5fa1af1fdef6a91e4daa71d6aaa4b9c54ac8d20e38a512d9556ea452cae09cf434d065908d84826ae8b68d537c9ce2a35b9891b008502b539dc2fbb2136b724659ce6b6b43d41a0b9482e47c878dd5516ea171feb17f3a95151c64107e9551934653a316b437f448fc87ba8ba0594e2b72dc7cf8eb938ac8d34e63326797c67ea38ad78fa82293dce56ada1af02b18846a30e4601f706ae6d04c68a70278f693e98ff00eb1aa96ca49de3aa90c0e3f3ab537eee0241c32be411d769ff00eb1a432299f30c6c080c9fbb03d875fe428ab16f1932bb1e8402bc7183ff00d71455ab220bb45145494735e39d28ea5e1d91d0665b63e6afd3bfe9fcabc8aea306d15f1cf4fc6be8074591191865581047a8af15f13694fa4dcdc5ab29d8b29319f553d29336a4fa1ca05f9f9abb143132fcd59d2bed270702a17b978480e8704672d93c7d334ac6fed1451a93c31a0cab81545a5c1ec69e96e25b33726e2355de540d9cb7b81d6aa90402081d783402a8dea685bdce480c6b612e556315836716e9016ad910831914686bef3571f25da3c2e1b208e4562dd09102c8aea73d707915a0d6c7b1c8f4a3ec4c704ff2a6b466355368b7a3c1a7cd6667bbbc901dbc46adc86c9e83bf6a6db49287618f973f293d71ef4b05a38c0c8c7b55e8edc22fad5bd75318ae86de84eed13a11d0861fe7f2ae8631f20c5737a44cb1ca1738cf15d15ac81d303a82411e84706935d8ca57bea6ed9e3e45e70e304fa0eb53484ca48ff9eabb7f2aa76d2e2d58753fcb1572c06f95d8f45e47f9fce9224bd0a9585030f9828cd14fcf38a2818514514005792f8f3536d42fa780c02236b27963fbcdd793fd3eb5eb2cca8a4b1000f535e1da9df3eab777d7727de794363d07200fca9335a2b5b9cc4d6c5b93513a49205593e603a679c5699ef49b41e695cebf669ea51588aafcdc01da91a3c104d5f08339355a7199001de95ee3e45144b6792f915af1c65b00739aca8d7c941935b3a64c242140e7d735327a9b415d114913c0f92091562dd87d41a8f54bfb5b270b24a0e7b0e4d36cef2daee36681b24750460d68b5573193d6c692a478c80291c803038a8d5f029aed9a7722caf71f1485240c0f435d669a485790ff00cb43bbf3033fad7200658575da786482107a04068e873d7dce86cf7089942e4f040faf15ab6b6e218429e5b18635956adb4abe7af03f1e95aea8d8ddb8e0e0f34da39632d459e5f25030009ce3934549b4163bb07d07a5148bd4e2e01e32be896513c70a380c380383f51537fc23de21b8ff008f8d6dd47a293fd2b5f4d96e65d1ad5b61ff00528776e393c7b5599350f29ca0c1c0fe2e2a6551266d1a7296c608f04b49cdc6a97121faff008d703aa696da46b37b605b7281946f51d47e86bd4def925652d311df009c7f2ac4f10e86daec705cd8306b98010c8c71bd4fbe3af5a955149d8d55395357679233618e6903d4da8db35bdcbc6e3041aa60d5171aa5b5604551b87c4a09e9eb52893151b80c0e68b14e57285cbdc3be44df2f600d68e9d753c4002793deaa794bbb8156e089f18181ef4f7324da95d0fb8b64b89bcc7c927d6aed9a476fc468173d4d362b373cc8ff0082d4ff006664fba734d12dc93b97925c8a767279aa51b30e0d5b8f9c11498d4ba97608fcc751eb5d979423f2957a6d03f4ae56cd769527d6bb49500b58d875da09ab8aba6726227ef264b1676aededcfe55af14ef332a80c14120f15911b8489477ef57ed667d802e3711fcaaada18deccbcafe528dcc491f2f4a2a227648d8cc9bbe6a2a6c3e7688bc3ee24f0fd8b0e7f7407e5c558934fb691cbb2124fb9aa1e146dfe1ab3f6523ff1e35b35328a6f53a23271d62ca8ba6da2f48bf5352c7690c2dba34da718e09a9a8a9e58f629d49bd1b3c67c49a7ff00a55c2e3e68a5653f4cf15c8cb118db915ebbe22d20dc7880c498ff004c8f8cf6603fc40fcebceb50b2686478e45219490411d0d5c95b52548c3ef51bb1ab134450d557e98a9b1a7b4150f357addd403961f9d5148988e4e07b55b82cd1cf2c7141ad3d4d2134488a5a4078e956967468832a13ef5521d3e14d848ce7ad6ac36c1221c00075a46fcb7d8a1e72bc9b4c4ca71d71c55eb540580aad33a0970bd6ad59b00f9a672cb4b9a904664b98e15e4b3015debc01616e33f2e00af367d59b44f2f50112ca565002b74ef9af45d2efa2d5f4e8afe2ff005522640f43e95b525d4f3f157b15a1e50e7ad5fd3de3504b1e43647be6a830c5cba8e006fcaadd92837263e80a9033ebd4669d8952d99aaa54fcc3a0f94123a8a29f110c833839e68acdee6906dadcc4f05beff0cc1fecb30fd6ba0ae53c00fbbc3ecb9fbb3b0fc302bab07344fe266d1d828a28a9199f796627d4ec26ff009e45b3f9715ccf8cfc39e707d42d9324ff00ad51fcebb461965e3a1fe94e201182323d28b81f3d5d43b49561d2b2265c1aee7c4d690c7ab5cc38113ab903fbac3b7d2b8cbc8da3721860d340540ecbc678abd69748846f38acd66c511c9938a96690a8e2ce99754b70e31938f414e975492e06d8c145fd6b9e878901ad488e08a563775a52562cc60e726afda727ae07735455a9ed701202a0fccdc7e14cc67b0fbf93edb677283a000a0fa1ff000cd75bf0aee647b2beb2949db0baba83db39cff2ae36d1c799b49e18153f43c5761f0dad254b9d4a43c0555427b67249ada9be8726215e9b3adbe005caed180c280c6391180cb0c1ab1a8aaac68e304a9c66aa1c9da474e86b64b53cf849f21a9f314cfdf6cf6e8051507da4c50c4e177065c7a0c8a2a76d04aece7fe1d65ac6f149381203fa7ff5abb8ae0fe1c3606a31e7ba1c7e75de565557becf529bbc505145159962374fc452d4739616f2141960a481ef8aa17faf58d8da34c678e47e8b1ab8249f4f6a00f3ef88512c7ad3b01f7d15bf4af3eb897236b1c81d3dabaaf186b126a57e257da0ec0005ec2b8a9e4c934c0af2b60d468d86f6a476c8aae6565343046ac720f5ab29718ef588b70c6afda9de466a4d148d48e72c0633ef52962dd6a2501453b3409b6c96362ac0e6bd07c2facdae9d64e8c8dbae087639fe21c1af3a06b4eca6dd11889f71f5ad29bd4ce70525667a55d7882d0dbb2ac33cbc7f06dcff003ac983c6ba28b8fb3de3dc5b1cfdd922da457206f248dbef106b2f5bb959edd5a401981e09ad9ccc161a9ae87a4df6bda75d0516b78a61078dcfd7de8af1d8ee58138e28a2c6aa296c7aff00c3c631eaba8c27a841fa1c7f5af42af26d235fb0f0ef896fee2e661244fbd156121c9f9b23dbb5685e7c55539165618f4695bfa0ff001acaab4e5a0534d4753d24900649c0158da878a34ad394efb91238fe08fe6fd7a5794ea5e31d4f54044f72767f713e55fc85614b7aee492c4fe359a343d0759f8812dcc32c1691ac28ea54b1e5b15c59d4dde55dcc48f73590f704f5355ccfb5b35422f6a1706590e4d644c79ab1249bea9c9dea4a68858d40fcf4a91f351f538a189208c8cf35a36ee17159e2320d4f1e41f6a4524cd949770a9d4e4564c7372066af2b363340996c54b0b956eb54524f9b9abb090dd0d52132e4a4326eefeb5cf6ab719758c1e0726b52f6e56d602f21f603d4d72b34fe6c858f526b58c6ec44e920c9cd1558371c515ad892f89b35324dc75a28ae5b17617cf23bd067a28a622169aa0925079cd1455248058670c7631fa53a4183451512dcd22ae567a8c020d1452ea0d176280ba6714c955a307228a29b44a6cac9290e39ad18ae8be168a296c5d91654669d35ec76516f73cf65ee68a29c55dd825b1cf5dea535e4bbe46381d07615007c75ea68a2ba9185c7f9ac3bd14514584dd8ffd9, NULL, 2019, NULL),
(21, 1, 'Doe', 'Prince', 'Kofi', 'General Science', '3 Science 2', '0102034025', 'Biology,Chemistry,Physics,Elective Mathematics', 0, '+233551442796', '22/06/2022', NULL, 0xffd8ffe000104a46494600010100000100010000ffdb004300080606070605080707070909080a0c140d0c0b0b0c1912130f141d1a1f1e1d1a1c1c20242e2720222c231c1c2837292c30313434341f27393d38323c2e333432ffdb0043010909090c0b0c180d0d1832211c213232323232323232323232323232323232323232323232323232323232323232323232323232323232323232323232323232ffc000110800c8009603012200021101031101ffc4001f0000010501010101010100000000000000000102030405060708090a0bffc400b5100002010303020403050504040000017d01020300041105122131410613516107227114328191a1082342b1c11552d1f02433627282090a161718191a25262728292a3435363738393a434445464748494a535455565758595a636465666768696a737475767778797a838485868788898a92939495969798999aa2a3a4a5a6a7a8a9aab2b3b4b5b6b7b8b9bac2c3c4c5c6c7c8c9cad2d3d4d5d6d7d8d9dae1e2e3e4e5e6e7e8e9eaf1f2f3f4f5f6f7f8f9faffc4001f0100030101010101010101010000000000000102030405060708090a0bffc400b51100020102040403040705040400010277000102031104052131061241510761711322328108144291a1b1c109233352f0156272d10a162434e125f11718191a262728292a35363738393a434445464748494a535455565758595a636465666768696a737475767778797a82838485868788898a92939495969798999aa2a3a4a5a6a7a8a9aab2b3b4b5b6b7b8b9bac2c3c4c5c6c7c8c9cad2d3d4d5d6d7d8d9dae2e3e4e5e6e7e8e9eaf2f3f4f5f6f7f8f9faffda000c03010002110311003f00f0edbd08357102e0163cd54f980e829cacf81c74a0ab16260a47cbcd57439a525d86314ab09f5a0ab36f42480ed634f72b9e0735108c83d68f2ce28b8d458a0824d2120e0d396218ff00ebd1b1452b825a0ff3015e6a095f2462a511039e7140840e49a2e3e49108e4f534e562b5305c8ebc5238c631cd172bd9ab6e40ce7b034d5279e0d5829ea38a615c1a2e4fb3b113063c8148db8f06a5fc298f80a78a62946caec8fcf6036e381479ce2a1cf1f5a91580ea6826e0d3b7634544e72d45026d9a000032694329cf63504bbd1c8dc4d46b9f30127ad057322c96f714bbc01c1a0a0038150c8a777e1405ec4eb2283c91cd4ab2281827359e4720d5a45ca64d2b21a9b1ed2c6a7ae29a66419ea69ad0b48eaaaa4b1e82b460d2e2040b86c9f45a2c1ced229c4cf20f914b7d29ccb3281989f3f4ada4682df0900523a1c7414ad7249c0c629d90b9dd8e7da4913ef46c01f5e334cf3999beee3daba0998390b2c68e31dbb552934f84e4c2c55bb03d28b204fb19924ac07350f9ce466ac4f114cab8c1aaa071cd00dbd87798c68933b0d229e691cf63d281377dc8c0e6875c2e7de94f6ed4a530bcf38a04f422ebd68a5e28a0342f4c4100fa540dd3a7239ab2c8769cd57ea2829a2d47f32020f6a6cab800fa5476f2e3e51daa47ddea3140fa109e9572d63f340506a993dab56d23fb3424b90b2119c1eb40356d8b3f25b8c2c796c75a89a784ee0f907d3bd4264fe3520c8c71486ceeee9d72843753412c84cf244438f950f41d6a432c8d079b1ee18eb81c568d9e9058a998743d33572ed63198a251d3078c0a4163045c920124648eb5209d8c60e4139ec2aadd5ab412e541c1a83ccdbc6714c3c99a332acf010461bb64d663a321da4722a78e6e7ef607b9a598894161c914022aaae7351b9f9b19a9573ce0542c46f231d281bd451f7871c52ca7e5a1075a8e4fbd8cd048d3c514a28a066b150c993d3dea8c8312103a55d405949c64557997a1c7340dea4708c4b83c67bd59217cbeb5549c3022ac79636820e73402ec36153e76719039ab4cc5977baf35594ecced3807ad598a40e79fbb40f5649631aeff00324031ef5d1db5f430c5cb024f6ae6667287e5e9db14d8e4662724d2b95c874b3ea68798f1f8566c97c7cc248e4d53453bf3ce0d3da10ff31a0af669134b2453af27b7a566dc5b21c95ab4ea14800f6a82427a1c1a41c97dccfc156c63a5395c8a9f6a93cd5797e539aa316ac2f4c9ed55fb935233e509f6a8875a04b72641f2e4d4046e63cd58ff009675071d6801f1afb668a55ca8e28a00b904df20f4a598065240aad110ae50f4ed564b803da8344536e9d6ad4526621c556620b114e824c656804ecc7b9f9863b9ab30271819cd41b373a0e99356269cc0e1633d38340d3b3267b761f7863bd2c16e58f18c5565fb44c09049039a4479636c8c8cf5c54b4fa336526ba1b51da8ea054ab070401f5aaf697a5fe561cf6ad0f3635524546bb32eeb7284b679f986735466b73bbf4c55ababdc96c3f03d2b31aee566ca92ded8aa499329a5d076cec4556b95f973d3152b5cc81b2e98fc2a2b970f1122a8ca4d3b9533f2d2a8e4546393522f0734cc16c3a538181510ec295db27a509eb400f76c0028a89892dcd14c2ec7b49960454867ce2a32a9da976a13ef486217dc78a4dec1f22a60100e94b94192450572f7659b391792f16e27eeb648db8a8267c1cd5e87cb68e309fdc24e7d6abcf6c074a57573451bad0b304f736120496dc2b326f01f032bf8d3e79e792249e4b53187e55f69c11552469eed6359d9a4118dab9ea07a66a6b8ba9a4856191ddd506114b70a3e945902e6b891dc88df91835764b8222ebd4565436e65946e27935ad7b69b2dd47a543b1b453665f9986200279ab90df2dbfeedad8938c9c8e83d6a9ac6f1c81b9041ce454b78d2deb249339728bb738ede955a133e657686dcdd24cdf7703b7155982943cf156aea59afcc48eaab1c4bb51517000a6791e5a73fad3564472b97c4673800f06955b19c9ab132c68ddb38cd47e62fb0a77317149eac8bef374a5ce0600e6a4f35477fd29a650680b2ee47827b1a29c2439ef4504e8301228dc739ada8fc3b3cb2c91c52a36c382dd055a1e11bc2399231f4cd171a8b39ddc4d04b6315d32f83ae49c35c20fc0d4abe0c948f9aec7e0b4ae1ca64d84b0ff67b2303e72b641ff67d2a4120618ad597c2df64b4966598bba2e718ac0563bf19e293573a693b68cbd1c06660aa4e3be29f7f025ac48aa39353d83a46324fe755b50984b3073ca8e0566af737968b41da5c5ba75771c67a56c6a10068b28c6b0edb56f2e755306d51d31cd68eabae6e8d362ee2063814a4a57d8232872dee66a36250ac06476ad17b30230e831bbad658b913ba1f24a1247e35d0070d6bf31038a6d045f532da2f2c738fad52b870dc0eb56aea500901ab349323e17ad104deac9a9648a53b6643edc5479f6a5914ac8c0f5069b5b9c171777147e1562081645049a9beca01c1e280b328d1578c217814500763e1853359cb3b023cc90e07b5740a80d53d02d443a4c2157191bbf3ad611f1d2a7a9a10ec069c16a4d98eb4bb714587aee5792259236423861835e637701b7bc911860ab118af5472a8a5988007526bcf7c48616d4da5b770eae012476342dc774999e921151cb26f5da2a20c41c76a963c6e04f3458d14eeac3618250db82161ed5667591e300c4e303d2a786f522ea86a69b5146e00c8fa527b971859591971128e0f22ae9bc611900d55b89379dc0722a12fc7f3a1abea4a6e3a31d2cdb94926a28e531fccbdfbd44e7ad246fd54f4aa48e7a9372d1962ea45688128bbb3d7155cc07ca0e460b1f940ef439dc00f434e3332e00393da999962da268970c4024f41daa4909593691c63ad2dac45537cbf78f3cd47713f6c7d280bb2462a40ed45552491cb7345007add8c623b68d40e8a055cd991c54710c2a8a65eea36da74264b89028ec0753f41526da129503ad62ea3e20b5b22513f7b28ecbd07e35cfea9e25bcbf631dba7950e71eed592ee1177c8467d299329172fb55b8bc05ee25c27645e0573d7176d2c9b5785cfe74dbaba695b00f151c080ee76e8071f5a6677b92fb77a96da608e0b0cad54de4c99a9979190691ac25a9d5d8c1a7cd064b027f955996d34d5b62e08040e0572718f9719a59013fc448fad67cba9dbedeeb62d5eddc2a8522504fad6596c83934b2020f5a889cd5a56392a54e6771aded4d53835230e0d435462c91981e952c52221ddb72def55a9d9228113cb74efdcfd0541bc9e0f34dce68a007b36e345328a00ea20f18ea8cecb24aa33d30838a8ae2e2499848eece5b9258e6b0e7c870ddea78af085eb40eecbfbc45f3c9c0ed59d7b74657f94e054735c3498dc4922a02734084a937900aaf00f5a8c528e4d003bbd4c8c473daa01c1a95081de915164fe6e00a3ccc8eb511f98f5a0702834e662be4f14d0bcf4a7fe34e5000cd04a576432f0b5054b33ee6c0e82a2a64c9dd851451412145145002d1494500589871c540b8cf35619c15e6ab9ebc50039cd3297ad1da8012954e0e69296800a7ed60334ce953c6e0f0690d2be830363af5a52e2a52808cd47b40278a0b7168412e3b50d23114320c67bd4449a096dad0434514532428a28a0028a28a0028a28a005cd25145001451450014bd290514005283834945004ab291d694cbe950d1415ccc7339634da28a090a28a2800a28a2800a28a28014027a0cd15d4786eca1fb2b5cba6e77240c8e828a873b14a37396a28a2ac90a28a2800ed451450014514500145145001451450014514500145145002519a28a00ebf49ba82d74e85249514edce0b0a28a2b368ad8fffd9, NULL, 2019, NULL);

--
-- Indexes for dumped tables
--

--
-- Indexes for table `auth_group`
--
ALTER TABLE `auth_group`
  ADD PRIMARY KEY (`id`),
  ADD UNIQUE KEY `name` (`name`);

--
-- Indexes for table `auth_group_permissions`
--
ALTER TABLE `auth_group_permissions`
  ADD PRIMARY KEY (`id`),
  ADD UNIQUE KEY `auth_group_permissions_group_id_permission_id_0cd325b0_uniq` (`group_id`,`permission_id`),
  ADD KEY `auth_group_permissio_permission_id_84c5c92e_fk_auth_perm` (`permission_id`);

--
-- Indexes for table `auth_permission`
--
ALTER TABLE `auth_permission`
  ADD PRIMARY KEY (`id`),
  ADD UNIQUE KEY `auth_permission_content_type_id_codename_01ab375a_uniq` (`content_type_id`,`codename`);

--
-- Indexes for table `auth_user`
--
ALTER TABLE `auth_user`
  ADD PRIMARY KEY (`id`),
  ADD UNIQUE KEY `username` (`username`);

--
-- Indexes for table `auth_user_groups`
--
ALTER TABLE `auth_user_groups`
  ADD PRIMARY KEY (`id`),
  ADD UNIQUE KEY `auth_user_groups_user_id_group_id_94350c0c_uniq` (`user_id`,`group_id`),
  ADD KEY `auth_user_groups_group_id_97559544_fk_auth_group_id` (`group_id`);

--
-- Indexes for table `auth_user_user_permissions`
--
ALTER TABLE `auth_user_user_permissions`
  ADD PRIMARY KEY (`id`),
  ADD UNIQUE KEY `auth_user_user_permissions_user_id_permission_id_14a6b632_uniq` (`user_id`,`permission_id`),
  ADD KEY `auth_user_user_permi_permission_id_1fbb5f2c_fk_auth_perm` (`permission_id`);

--
-- Indexes for table `django_admin_log`
--
ALTER TABLE `django_admin_log`
  ADD PRIMARY KEY (`id`),
  ADD KEY `django_admin_log_content_type_id_c4bce8eb_fk_django_co` (`content_type_id`),
  ADD KEY `django_admin_log_user_id_c564eba6_fk_auth_user_id` (`user_id`);

--
-- Indexes for table `django_content_type`
--
ALTER TABLE `django_content_type`
  ADD PRIMARY KEY (`id`),
  ADD UNIQUE KEY `django_content_type_app_label_model_76bd3d3b_uniq` (`app_label`,`model`);

--
-- Indexes for table `django_migrations`
--
ALTER TABLE `django_migrations`
  ADD PRIMARY KEY (`id`);

--
-- Indexes for table `django_session`
--
ALTER TABLE `django_session`
  ADD PRIMARY KEY (`session_key`),
  ADD KEY `django_session_expire_date_a5c62663` (`expire_date`);

--
-- Indexes for table `registered_schools`
--
ALTER TABLE `registered_schools`
  ADD PRIMARY KEY (`id`);

--
-- Indexes for table `registered_students`
--
ALTER TABLE `registered_students`
  ADD PRIMARY KEY (`id`),
  ADD KEY `Student` (`student`);

--
-- Indexes for table `student_details`
--
ALTER TABLE `student_details`
  ADD PRIMARY KEY (`id`),
  ADD UNIQUE KEY `student_details_uk` (`index_number`) USING HASH,
  ADD KEY `SCHOOL` (`school`);

--
-- AUTO_INCREMENT for dumped tables
--

--
-- AUTO_INCREMENT for table `auth_group`
--
ALTER TABLE `auth_group`
  MODIFY `id` int(11) NOT NULL AUTO_INCREMENT;

--
-- AUTO_INCREMENT for table `auth_group_permissions`
--
ALTER TABLE `auth_group_permissions`
  MODIFY `id` bigint(20) NOT NULL AUTO_INCREMENT;

--
-- AUTO_INCREMENT for table `auth_permission`
--
ALTER TABLE `auth_permission`
  MODIFY `id` int(11) NOT NULL AUTO_INCREMENT, AUTO_INCREMENT=37;

--
-- AUTO_INCREMENT for table `auth_user`
--
ALTER TABLE `auth_user`
  MODIFY `id` int(11) NOT NULL AUTO_INCREMENT;

--
-- AUTO_INCREMENT for table `auth_user_groups`
--
ALTER TABLE `auth_user_groups`
  MODIFY `id` bigint(20) NOT NULL AUTO_INCREMENT;

--
-- AUTO_INCREMENT for table `auth_user_user_permissions`
--
ALTER TABLE `auth_user_user_permissions`
  MODIFY `id` bigint(20) NOT NULL AUTO_INCREMENT;

--
-- AUTO_INCREMENT for table `django_admin_log`
--
ALTER TABLE `django_admin_log`
  MODIFY `id` int(11) NOT NULL AUTO_INCREMENT;

--
-- AUTO_INCREMENT for table `django_content_type`
--
ALTER TABLE `django_content_type`
  MODIFY `id` int(11) NOT NULL AUTO_INCREMENT, AUTO_INCREMENT=10;

--
-- AUTO_INCREMENT for table `django_migrations`
--
ALTER TABLE `django_migrations`
  MODIFY `id` bigint(20) NOT NULL AUTO_INCREMENT, AUTO_INCREMENT=20;

--
-- AUTO_INCREMENT for table `registered_schools`
--
ALTER TABLE `registered_schools`
  MODIFY `id` int(11) NOT NULL AUTO_INCREMENT, AUTO_INCREMENT=6;

--
-- AUTO_INCREMENT for table `registered_students`
--
ALTER TABLE `registered_students`
  MODIFY `id` int(11) NOT NULL AUTO_INCREMENT, AUTO_INCREMENT=5;

--
-- AUTO_INCREMENT for table `student_details`
--
ALTER TABLE `student_details`
  MODIFY `id` int(11) NOT NULL AUTO_INCREMENT, AUTO_INCREMENT=22;

--
-- Constraints for dumped tables
--

--
-- Constraints for table `auth_group_permissions`
--
ALTER TABLE `auth_group_permissions`
  ADD CONSTRAINT `auth_group_permissio_permission_id_84c5c92e_fk_auth_perm` FOREIGN KEY (`permission_id`) REFERENCES `auth_permission` (`id`),
  ADD CONSTRAINT `auth_group_permissions_group_id_b120cbf9_fk_auth_group_id` FOREIGN KEY (`group_id`) REFERENCES `auth_group` (`id`);

--
-- Constraints for table `auth_permission`
--
ALTER TABLE `auth_permission`
  ADD CONSTRAINT `auth_permission_content_type_id_2f476e4b_fk_django_co` FOREIGN KEY (`content_type_id`) REFERENCES `django_content_type` (`id`);

--
-- Constraints for table `auth_user_groups`
--
ALTER TABLE `auth_user_groups`
  ADD CONSTRAINT `auth_user_groups_group_id_97559544_fk_auth_group_id` FOREIGN KEY (`group_id`) REFERENCES `auth_group` (`id`),
  ADD CONSTRAINT `auth_user_groups_user_id_6a12ed8b_fk_auth_user_id` FOREIGN KEY (`user_id`) REFERENCES `auth_user` (`id`);

--
-- Constraints for table `auth_user_user_permissions`
--
ALTER TABLE `auth_user_user_permissions`
  ADD CONSTRAINT `auth_user_user_permi_permission_id_1fbb5f2c_fk_auth_perm` FOREIGN KEY (`permission_id`) REFERENCES `auth_permission` (`id`),
  ADD CONSTRAINT `auth_user_user_permissions_user_id_a95ead1b_fk_auth_user_id` FOREIGN KEY (`user_id`) REFERENCES `auth_user` (`id`);

--
-- Constraints for table `django_admin_log`
--
ALTER TABLE `django_admin_log`
  ADD CONSTRAINT `django_admin_log_content_type_id_c4bce8eb_fk_django_co` FOREIGN KEY (`content_type_id`) REFERENCES `django_content_type` (`id`),
  ADD CONSTRAINT `django_admin_log_user_id_c564eba6_fk_auth_user_id` FOREIGN KEY (`user_id`) REFERENCES `auth_user` (`id`);

--
-- Constraints for table `registered_students`
--
ALTER TABLE `registered_students`
  ADD CONSTRAINT `registered_students_ibfk_1` FOREIGN KEY (`student`) REFERENCES `student_details` (`id`) ON DELETE CASCADE ON UPDATE CASCADE;

--
-- Constraints for table `student_details`
--
ALTER TABLE `student_details`
  ADD CONSTRAINT `student_details_ibfk_1` FOREIGN KEY (`school`) REFERENCES `registered_schools` (`id`) ON DELETE CASCADE ON UPDATE CASCADE;
COMMIT;

/*!40101 SET CHARACTER_SET_CLIENT=@OLD_CHARACTER_SET_CLIENT */;
/*!40101 SET CHARACTER_SET_RESULTS=@OLD_CHARACTER_SET_RESULTS */;
/*!40101 SET COLLATION_CONNECTION=@OLD_COLLATION_CONNECTION */;
